ŸÖÿπÿ±ŸëŸÅ ÿßŸÑŸÇŸÜÿßÿ©,ÿπŸÜŸàÿßŸÜ Url ŸÑŸÑŸÇŸÜÿßÿ©,ÿπŸÜŸàÿßŸÜ ÿßŸÑŸÇŸÜÿßÿ©
UC-iz3bLZfQFzXfwo7Wc68sA,http://www.youtube.com/channel/UC-iz3bLZfQFzXfwo7Wc68sA,Yui Unicorn
UC-kTdPfK0q3pRjYGeylUUcA,http://www.youtube.com/channel/UC-kTdPfK0q3pRjYGeylUUcA,Bubble teaüßã
UC0h0LUdndpq1CU8gv71sJ4A,http://www.youtube.com/channel/UC0h0LUdndpq1CU8gv71sJ4A,Moonbug Kids - Preschool Learning ABCs and 123s
UC1GmOQAKZP_hYTS-xlg1urQ,http://www.youtube.com/channel/UC1GmOQAKZP_hYTS-xlg1urQ,MiraculousToons
UC1vmrEuIxO2Fv7VuTO4sRMA,http://www.youtube.com/channel/UC1vmrEuIxO2Fv7VuTO4sRMA,QueeniePlays
UC295-Dw_tDNtZXFeAPAW6Aw,http://www.youtube.com/channel/UC295-Dw_tDNtZXFeAPAW6Aw,5-Minute Crafts
UC3I1iohrGzxep0p8r1Osw3w,http://www.youtube.com/channel/UC3I1iohrGzxep0p8r1Osw3w,Like Nastya AE
UC4M6XooTcwMNyc200DLBBSQ,http://www.youtube.com/channel/UC4M6XooTcwMNyc200DLBBSQ,Dumpling
UC5DFRZ0EiT5FAebrBIHfnqA,http://www.youtube.com/channel/UC5DFRZ0EiT5FAebrBIHfnqA,Princess B√°nh Bao
UC5Ti4_DVp7LW34PjEwB13Xg,http://www.youtube.com/channel/UC5Ti4_DVp7LW34PjEwB13Xg,Morphle TV
UCAOtE1V7Ots4DjM8JLlrYgg,http://www.youtube.com/channel/UCAOtE1V7Ots4DjM8JLlrYgg,Peppa Pig - Official Channel
UCAwIKJ84zBsiuuy9DVR13mA,http://www.youtube.com/channel/UCAwIKJ84zBsiuuy9DVR13mA,ChuChuTV Storytime for Kids
UCBFLdgAAgPLsiHmv9vlsZJQ,http://www.youtube.com/channel/UCBFLdgAAgPLsiHmv9vlsZJQ,ColorPlay
UCCI5Xsd_gCbZb9eTeOf9FdQ,http://www.youtube.com/channel/UCCI5Xsd_gCbZb9eTeOf9FdQ,Like Nastya Vlog
UCEmm6bND-l2eyHLiKNYiY8A,http://www.youtube.com/channel/UCEmm6bND-l2eyHLiKNYiY8A,Wolfoo's stories
UCF2RPFoMxuSiLZidFHqrpdA,http://www.youtube.com/channel/UCF2RPFoMxuSiLZidFHqrpdA,NIVEA Middle East
UCFcZ08772w4sCyfvTqHsqLg,http://www.youtube.com/channel/UCFcZ08772w4sCyfvTqHsqLg,Troom Troom WOW Arabic
UCFvAUkHIg5xeoPzJAY1T91Q,http://www.youtube.com/channel/UCFvAUkHIg5xeoPzJAY1T91Q,ÍßÅPuÃ∏rple_BeÃ∏arÍßÇ
UCHnhz7XCP6Zx6l22npF-yWA,http://www.youtube.com/channel/UCHnhz7XCP6Zx6l22npF-yWA,BabyBus Arabic TV - ÿ£ÿ∫ÿßŸÜŸä ÿ£ÿ∑ŸÅÿßŸÑ Ÿàÿ±ÿ≥ŸàŸÖ ŸÖÿ™ÿ≠ÿ±ŸÉÿ©
UCHwBjRoGO1V-H8QYXjSVHkQ,http://www.youtube.com/channel/UCHwBjRoGO1V-H8QYXjSVHkQ,Gaby and Alex
UCJSuAkESpUq3JuSZGq4Gyog,http://www.youtube.com/channel/UCJSuAkESpUq3JuSZGq4Gyog,KCM Channel TV
UCJdyQgiKasXi_WZjfZTNxPw,http://www.youtube.com/channel/UCJdyQgiKasXi_WZjfZTNxPw,‚Ä¢Star Willow‚Ä¢
UCJplp5SjeGSdVdwsfb9Q7lQ,http://www.youtube.com/channel/UCJplp5SjeGSdVdwsfb9Q7lQ,Like Nastya
UCK7sniX2iZCF4-raoTv-Gsw,http://www.youtube.com/channel/UCK7sniX2iZCF4-raoTv-Gsw,Avocado Couple Live
UCLN5ButOQ8y2_TlOIs8_RWw,http://www.youtube.com/channel/UCLN5ButOQ8y2_TlOIs8_RWw,Woolly and Tig Official Channel
UCLa30mf4xN9gVkA-gTzndGQ,http://www.youtube.com/channel/UCLa30mf4xN9gVkA-gTzndGQ,Alexandrova Olga
UCLhyocD0AAid1XiiOggv3_Q,http://www.youtube.com/channel/UCLhyocD0AAid1XiiOggv3_Q,123 GO! CHALLENGE Arabic
UCMEr4OcKQY85UsYYBOWLDSg,http://www.youtube.com/channel/UCMEr4OcKQY85UsYYBOWLDSg,Maya and Mary - Arabic
UCNoKAOXFO6q7UaOlai7FXFg,http://www.youtube.com/channel/UCNoKAOXFO6q7UaOlai7FXFg,Nadia and Family [RU]
UCNzsYU0aWwjERj-9Y9HUEng,http://www.youtube.com/channel/UCNzsYU0aWwjERj-9Y9HUEng,Little Angel: Nursery Rhymes & Kids Songs
UCOTdDCDSVBXyqfCCeuCHyqA,http://www.youtube.com/channel/UCOTdDCDSVBXyqfCCeuCHyqA,Klata TV
UCPM7mS2aLq-6BqD9zemCt6g,http://www.youtube.com/channel/UCPM7mS2aLq-6BqD9zemCt6g,Maha's Lifestyle
UCPOw2O3_uZ1doro9iR4x6vw,http://www.youtube.com/channel/UCPOw2O3_uZ1doro9iR4x6vw,mmoshaya
UCQ7x25F6YXY9DvGeHFxLhRQ,http://www.youtube.com/channel/UCQ7x25F6YXY9DvGeHFxLhRQ,shfa2 - ÿ¥ŸÅÿß
UCR60erWn2_8aoaLE3OoVu4w,http://www.youtube.com/channel/UCR60erWn2_8aoaLE3OoVu4w,Iman Moshaya
UCRi7gSUg_kq0ZruqB0uriDA,http://www.youtube.com/channel/UCRi7gSUg_kq0ZruqB0uriDA,Miraculous Group
UCRnDucURFL_vaf6m-M2tGKQ,http://www.youtube.com/channel/UCRnDucURFL_vaf6m-M2tGKQ,123 GO! FOOD Arabic
UCS94J1s6-qc8v7btCdS2pNg,http://www.youtube.com/channel/UCS94J1s6-qc8v7btCdS2pNg,Like Nastya Show
UCUHJovXrvs8fGyHy-1tpCww,http://www.youtube.com/channel/UCUHJovXrvs8fGyHy-1tpCww,Music Instrumental
UCWR3zs443QHjCj50BoaDJiA,http://www.youtube.com/channel/UCWR3zs443QHjCj50BoaDJiA,Family Media
UCWjVfZ3VnyUwBEOkuOlaU3g,http://www.youtube.com/channel/UCWjVfZ3VnyUwBEOkuOlaU3g,Miraculous Ladybug
UCWlK0s4T4gyLavYiQTpSzKQ,http://www.youtube.com/channel/UCWlK0s4T4gyLavYiQTpSzKQ,Happy Lives
UCYQ-pwbTVi466WviyADqE_A,http://www.youtube.com/channel/UCYQ-pwbTVi466WviyADqE_A,123 GO! SCHOOL Arabic
UC_Cy4X0ZEmSS7KhLO0I9uJg,http://www.youtube.com/channel/UC_Cy4X0ZEmSS7KhLO0I9uJg,Dimden Cat
UCbmWOFTbZoDLWqG1rvFnJ0g,http://www.youtube.com/channel/UCbmWOFTbZoDLWqG1rvFnJ0g,WildBrain Kids
UCcMPknpByZgH7RSN9_KXmpA,http://www.youtube.com/channel/UCcMPknpByZgH7RSN9_KXmpA,TIT Family 77
UCco5g2NRNA5ACPm03F3H8mA,http://www.youtube.com/channel/UCco5g2NRNA5ACPm03F3H8mA,La La Life Shorts
UCdknlZNiH-2VWrvjXkx9dJA,http://www.youtube.com/channel/UCdknlZNiH-2VWrvjXkx9dJA,POCOYO in ENGLISH full episodes - Official Channel
UCdrwbpNMNPTx3q2cuuUi7jg,http://www.youtube.com/channel/UCdrwbpNMNPTx3q2cuuUi7jg,ÿ£ŸÖŸàŸÖÿ© ÿ™ÿ™ÿπÿßÿ¥
UCeyyDNMbwNvVtMe5t_I_wfw,http://www.youtube.com/channel/UCeyyDNMbwNvVtMe5t_I_wfw,Smile Family Arabic
UChkZElwBp90FQHJZwmhBPxA,http://www.youtube.com/channel/UChkZElwBp90FQHJZwmhBPxA,Troom Oki Toki
UCi0roOWKvMRQzFvW8iGPV2w,http://www.youtube.com/channel/UCi0roOWKvMRQzFvW8iGPV2w,1-Minute Games
UCk4BysKe1KEuttkehYBw8WQ,http://www.youtube.com/channel/UCk4BysKe1KEuttkehYBw8WQ,Boong Golden Wind
UClLz5ZzYuTMSMziJtwQ5fGA,http://www.youtube.com/channel/UClLz5ZzYuTMSMziJtwQ5fGA,5 PH√öT TH·ª¶ C√îNG
UClzg4BvgW5YbfnYlqt_2RHw,http://www.youtube.com/channel/UClzg4BvgW5YbfnYlqt_2RHw,Life of Amanda! Spanish 
UCnBTGpEQ3LGPW2Shh7fiabg,http://www.youtube.com/channel/UCnBTGpEQ3LGPW2Shh7fiabg,–ì–æ–≤–æ—Ä—è—â–∏–π –¢–æ–º –∏ –î—Ä—É–∑—å—è
UCo0TSwybEP9UzpXL3EQwDRQ,http://www.youtube.com/channel/UCo0TSwybEP9UzpXL3EQwDRQ,Ti·∫øng Anh tr·ª±c tuy·∫øn
UCp4Yzhq_bOS-mhY3XqvM0nw,http://www.youtube.com/channel/UCp4Yzhq_bOS-mhY3XqvM0nw,KABOOM! Arabic
UCqZ3lXYlOI8O7k9-6doc6fA,http://www.youtube.com/channel/UCqZ3lXYlOI8O7k9-6doc6fA,LOR Paper Crafts
UCqiIbqnJB0AVTg6Z6QnZNdw,http://www.youtube.com/channel/UCqiIbqnJB0AVTg6Z6QnZNdw,ŸÖÿ∫ÿßŸÖÿ±ÿßÿ™ ŸÖŸÜÿµŸàÿ±
UCtLZCwEk1emC0LBqIlpqAMA,http://www.youtube.com/channel/UCtLZCwEk1emC0LBqIlpqAMA,Miraculous Arabic
UCtW6YgXpx454fX6rWmFhKdw,http://www.youtube.com/channel/UCtW6YgXpx454fX6rWmFhKdw,Snackifaction
UCtm3DGXkWqAUQZMHl97SVxA,http://www.youtube.com/channel/UCtm3DGXkWqAUQZMHl97SVxA,Diana and Roma ARA
UCu59yAFE8fM0sVNTipR4edw,http://www.youtube.com/channel/UCu59yAFE8fM0sVNTipR4edw,Masha and The Bear
UCuVkRKGIVUrsDZiwbv2sD_Q,http://www.youtube.com/channel/UCuVkRKGIVUrsDZiwbv2sD_Q,Boong PCX 2
UCvHhQJcsnDEoVMZWA5xnRZA,http://www.youtube.com/channel/UCvHhQJcsnDEoVMZWA5xnRZA,La La Life
UCvlE5gTbOvjiolFlEm-c_Ow,http://www.youtube.com/channel/UCvlE5gTbOvjiolFlEm-c_Ow,Vlad and Niki
UCvskNbPT01CEfirjTY5OHAw,http://www.youtube.com/channel/UCvskNbPT01CEfirjTY5OHAw,123 GO! TRENDS Arabic
UCxV4eYa5DL20VeY3_7d19Ig,http://www.youtube.com/channel/UCxV4eYa5DL20VeY3_7d19Ig,ŸÖŸäÿ±ÿßŸÉŸàŸÑŸàÿ≥ - ŸÇÿµÿµ ÿßŸÑŸÅÿ™ÿßÿ© ÿßŸÑÿØÿπÿ≥ŸàŸÇÿ© Ÿà ÿßŸÑŸÇÿ∑ ÿßŸÑÿ£ÿ≥ŸàÿØ
UCxnTgpsNC9l8gtw7LfCTCHA,http://www.youtube.com/channel/UCxnTgpsNC9l8gtw7LfCTCHA,SEPHORAME
UCzIdYMdAtTsWucGCZyZvN6w,http://www.youtube.com/channel/UCzIdYMdAtTsWucGCZyZvN6w,Nat and Essie

